{"routes":[{"geometry":"w_reF`kgjVR|CxDe@i@iIC[e@kHCg@e@_Hi@kIg@eIg@oHAYCWa@iGAWLA`BSx@KPC^EvC]zAQz@M^EPChDa@pBUfAOCa@QkCOmCA_@Dm@?QHMN]`AmA~@mAJOrAiBtAkBfA{AxAmB~AyBrCyDtCyD~AyB|@kAr@_AfCcDxCgEp@aATU~BcBh@Cz@E`CK`AEv@CfCMbAEKkEM}DIaEK_EbG[|FWNC~EUN@J`E~FW|FWpAGBAB?@A@ALG@A@?BA@?B?@@@@@B?@BN?@@BB?@@","legs":[{"annotation":{"nodes":[258759751,65365172,65308302,258759749,65308300,601280453,65292713,65308298,65308296,65308291,1243846501,65308289,1243846514,1243846537,65308287,1243846491,4177105007,1243846480,65352344,1243846536,1420265544,3999362951,1243846481,65356392,1243846550,65325369,4177105000,65354072,258758040,4177104998,1723739045,4178230431,4061762663,1723738895,4061762655,2884715022,65318308,65306958,65306940,65351748,65319555,65325208,65306838,65351751,65317570,65351753,65317752,539990269,4186457681,65283764,3999577857,65351755,65358372,295219504,65303897,3999566849,3999561016,65308764,3999511206,3999495551,65308767,65345333,65310196,65340079,65328382,65317347,65290931,65328390,65328395,65324922,65324924,65293506,65340082,1264273796,4045366517,266903666,4045366511,4045366526,4045366501,728867935,4045366503,65340086,4045366531,1264296832,4045366522,65340090,4045366513,65340092,65340096,4045366532,728863237,4045366515,1264296819],"distance":[69.81250780889717,105.08194242247187,146.468769545102,12.903226885834693,133.47844076805444,17.97417214205841,128.40717277552932,147.80479066561108,144.86954136137396,135.69981756636992,10.87152545777115,11.218562875420577,118.41998028816809,10.054979395002901,8.788929228323221,54.51851482783345,32.88961936095231,10.368242101962439,17.454139198137902,85.9387231517859,51.25016190663285,34.359094113840904,17.67390724778018,10.368249115844051,96.2793562666895,63.76072271800081,40.77217651471587,15.578350994103406,62.66067405076987,63.16452877652712,13.458181588365996,20.584701549024455,7.668703155380468,8.415860516914783,16.12766361289219,49.5640707594805,49.7085872073418,10.006926395740319,65.76737827104486,66.9331708737475,57.72591261839857,69.14191600033729,75.59927699731753,115.95449195416666,117.00316360696885,76.14672479759217,47.81610361112862,40.747077529085345,104.28833385320196,122.1491598381078,40.76337755157434,14.990850250898449,83.38011372623296,23.633026596769554,34.24820044233948,72.05868433805037,36.47298929861723,31.6646576147614,75.73201345870328,37.7275112208842,89.32776697576804,84.48499152500379,84.79829959565772,85.37404908705341,145.22063173741134,142.28452392043692,9.424483651329783,123.9367810487205,9.325528541113664,85.71209102777313,142.66235069536992,141.65755034415764,46.08468915479624,2.2675599932459636,2.1220692450736567,1.6744149593511495,1.708699266951245,7.683223619704564,1.84658454260673,1.6180500371443371,1.689121948623264,1.4486133063155147,1.5670682617916714,1.4698163191713105,1.5067116313275537,1.5910952866295878,1.559693966970531,6.717659629902365,1.5572084802655337,1.7573463934158997,1.411314740137675,1.7050692236693632],"duration":[18.8,54.7,18.5,3.4,13.3,1.8,14.8,13.3,42.1,54.3,6.3,3.7,38.8,7.4,1,6.1,3.7,3.2,2.6,12.9,7.7,5.2,4.7,1.9,19.3,7,11.7,4.3,8.7,8.7,2.4,3.7,1.5,1.4,2.6,8.1,8.1,1.8,20.2,6.9,5.3,9.1,9.1,15.9,10.5,9.6,5.4,4.6,13.7,29.3,9.8,5.6,13.1,6.1,4.1,8.6,6.4,5.7,13.6,14.1,11.9,9.5,23.8,15.8,34.9,27,1.5,20.3,3.3,20.7,21.4,22.2,7.2,0.8,0.8,0.6,0.6,2.8,0.7,0.6,0.6,0.5,0.6,0.5,0.5,0.6,0.6,2.4,0.6,0.6,0.5,0.6],"speed":[3.7,1.9,7.9,3.8,10,10,8.7,11.1,3.4,2.5,1.7,3,3.1,1.4,8.8,8.9,8.9,3.2,6.7,6.7,6.7,6.6,3.8,5.5,5,9.1,3.5,3.6,7.2,7.3,5.6,5.6,5.1,6,6.2,6.1,6.1,5.6,3.3,9.7,10.9,7.6,8.3,7.3,11.1,7.9,8.9,8.9,7.6,4.2,4.2,2.7,6.4,3.9,8.4,8.4,5.7,5.6,5.6,2.7,7.5,8.9,3.6,5.4,4.2,5.3,6.3,6.1,2.8,4.1,6.7,6.4,6.4,2.8,2.7,2.8,2.8,2.7,2.6,2.7,2.8,2.9,2.6,2.9,3,2.7,2.6,2.8,2.6,2.9,2.8,2.8]},"steps":[],"distance":4677.6,"duration":891.2,"summary":"","weight":891.2}],"distance":4677.6,"duration":891.2,"weight_name":"routability","weight":891.2}],"waypoints":[{"name":"Turk Street","location":[-122.431373,37.780602]},{"name":"Vermont Street","location":[-122.404058,37.758859]}],"code":"Ok"}
